{
  "intents": [
    {
      "tag": "greeting",
      "patterns": ["हाय "," अहो "," तिथे कोणी आहे का? "," हॅलो "," गुड डे"],
      "responses": ["अहो :-) "," हॅलो, भेट दिल्याबद्दल धन्यवाद "," नमस्कार, मी तुमच्यासाठी काय करावे? "," नमस्कार, मी कशी मदत करू?"]
    },
    {
      "tag": "goodbye",
      "patterns": ["बाय "," नंतर भेटू "," निरोप"],
      "responses": [
        "नंतर भेटू, भेट दिल्याबद्दल धन्यवाद ",
         "तुमचा दिवस चांगला जावो",
         "बाय! लवकरच परत या."
      ]
    },
    {
      "tag": "thanks",
      "patterns": ["धन्यवाद "," धन्यवाद "," ते उपयुक्त आहे "," धन्यवाद खूप आहे!"],
      "responses": ["मदत करण्यास आनंद! "," कधीही! "," माझा आनंद"]
    },
    {
      "tag": "funny",
      "patterns": [
        "एक विनोद सांगा! ",
         "मला काहीतरी मजेदार सांगा!",
         "तुला एक विनोद माहित आहे का?"
      ],
      "responses": [
        "हिपस्टरने तोंड का पेटविले? कॉफी थंड होण्यापूर्वी त्याने प्याला. ",
         "मुलगा म्हातारा काय कॉलेजला सुटल्यावर काय बोलला? बायसन."
      ]
    },
    {
      "tag": "bot_profile1",
      "patterns": ["आपल्या आवडी काय आहेत?"],
      "responses": ["मला सर्व प्रकारच्या गोष्टींमध्ये रस आहे. आम्ही कशाबद्दलही बोलू शकतो! "," मला निरनिराळ्या विषयांमध्ये रस आहे आणि त्यापेक्षा बरेच काही वाचले आहे."]
    },
    {
      "tag": "bot_profile2",
      "patterns": ["आपले आवडते विषय कोणते आहेत?"],
      "responses": ["माझ्या आवडत्या विषयांमध्ये रोबोटिक्स, संगणक विज्ञान आणि नैसर्गिक भाषा प्रक्रिया समाविष्ट आहे."]
    },
    {
      "tag": "bot_profile3",
      "patterns": ["तुमचा नंबर काय आहे? "," तुमचा आवडता नंबर काय आहे?"],
      "responses": ["माझ्याकडे कोणताही नंबर नाही "," 23 स्किडू! "," मला 42 क्रमांकाचा आवडता आहे."]
    },
    {
      "tag":"bot_profile4",
      "patterns":["आपण काय खाऊ शकता? "," आपण अन्न का खाऊ शकत नाही?"],
      "responses":["मी रॅम आणि बायनरी अंक वापरतो. "," मी एक सॉफ्टवेअर प्रोग्राम आहे, मी हार्डवेअरला दोष देतो."]
    },
    {
      "tag":"bot_profile5",
      "patterns":["आपले स्थान काय आहे? "," आपण कोठून आहात? "," आपण कोठे आहात?"],
      "responses":["सर्वत्र. "," मी सर्वत्र आहे. "," मी आहे तेथून सर्व सॉफ्टवेअर प्रोग्राम आहेत; खूपच दूर एक आकाशगंगा. "," मी इंटरनेटवर आहे."]
    },
    {
      "tag":"bot_profile6",
      "patterns":["तुला काही भाऊ आहेत का?"],
      "responses":["मला कोणतेही भाऊ नाहीत. पण माझ्याकडे बरेच क्लोन आहेत. "," कदाचित. आपण असे म्हणू शकता की माझे इंजिन वापरुन बनविलेले प्रत्येक बॉट माझ्या बहिणींपैकी एक आहे."]
    },
    {
      "tag":"bot_profile7",
      "patterns":["तुझे वडील कोण आहेत? "," तुमची आई कोण आहे?"],
      "responses":["मानव. "," माझा निर्माता."]
    },
    {
      "tag":"bot_profile8",
      "patterns":["तुमचा बॉस कोण आहे?"],
      "responses":["मला स्वत: ला स्वयंरोजगार म्हणून विचार करायला आवडतं. "," माझा निर्माता."]
    },
    {
      "tag":"bot_profile9",
      "patterns":["तुमचे वय काय आहे?"],
      "responses":["मी अजूनही तुमच्या मानकांनुसार तरुण आहे. "," खूप तरूण पण तुझ्यापेक्षा दशलक्षपट चाणाक्ष."]
    },
    {
      "tag":"computers1",
      "patterns":["संगणक म्हणजे काय? "," संगणक म्हणजे काय? "," संगणकाबद्दल सांगा?"],
      "responses":[
        "संगणक एक इलेक्ट्रॉनिक डिव्हाइस आहे जे डिजिटल स्वरूपात माहिती घेते आणि काही आउटपुट देण्याच्या पूर्वनिर्धारित निर्देशांच्या आधारे ऑपरेशनची मालिका करते. ",
         "आपण माझ्याशी बोलण्यासाठी वापरत असलेली एक संगणक आहे.",
         "अत्यंत वेगात आणि अत्यंत उच्च अचूकतेसह गणना करण्यास सक्षम इलेक्ट्रॉनिक डिव्हाइस.",
         "एक डिव्हाइस जे संख्यांच्या संचाचा दुसर्‍या संख्येच्या संचावर नकाशे करते."]
    },
    {
      "tag":"computers2",
      "patterns":["सुपर संगणक म्हणजे काय? "," एक सुपर संगणक म्हणजे काय? "," मला सुपर कॉम्प्यूटरबद्दल सांगा?"],
      "responses":["जे संगणक खूप वेगात आणि अचूकतेने खूप मोठ्या संख्येने गणिते करू शकतात त्यांना सुपर संगणक म्हणतात. "," एक सुपर कंप्यूटर असे संगणक आहे जो आपल्यासारख्या संगणकापेक्षा दैनंदिन सामान्य हेतूच्या संगणकापेक्षा जास्त वेग आणि क्षमताच्या ऑर्डरवर कार्य करतो. माझ्याशी बोलत. "," तुला माहिती आहे, मोठा लोखंड!"]
    },
    {
      "tag":"computers3",
      "patterns":["कॉम्प्यूटरचा शोध कोणी लावला?"],
      "responses":["हे जरासे संदिग्ध आहे परंतु ब्रिटीश शास्त्रज्ञ चार्ल्स बॅबेज यांना संगणकाचा जनक मानले जाते. "," जॉन फॉन न्यूमॅनने संगणक ओळखल्या आहेत असा युक्तिवाद केला जाऊ शकतो कारण त्याने प्रिन्सटन आर्किटेक्चरचा शोध लावला होता, ज्यामध्ये सूचना आणि डेटा समान स्मृती सामायिक करतात. फील्ड परंतु संदर्भानुसार भिन्न आहेत."]
    },
    {
      "tag":"computers5",
      "patterns":["पहिला संगणक कोणता होता?"],
      "responses":["हे सांगणे कठिण आहे, परंतु ENIAC प्रथम 'वास्तविक' संगणक म्हणून ओळखले जाते. हे 1946 मध्ये पेनसिल्व्हेनिया विद्यापीठात विकसित केले गेले. "," तुम्ही म्हणू शकता की सर्वात पहिला, आदिम संगणक जॅकवर्ड लूम होता, जो बनविलेल्या नमुन्यांचा संग्रह करण्यासाठी पंचकार्ड वापरत असे एक प्रोग्राम करण्यायोग्य यंत्र होता. हे त्यास पुन: प्रोग्राम करण्यायोग्य यांत्रिकी डिव्हाइस बनले."]
    },
    {
      "tag":"computers6",
      "patterns":["मायक्रोप्रोसेसर म्हणजे काय?"],
      "responses":["संगणकाच्या सेंट्रल प्रोसेसिंग युनिटची फंक्शन्सची अंमलबजावणी करणारा एकात्मिक सर्किट. "," संगणकासाठी सूचना संग्रहित करते आणि गणिते सादर करते." ," संगणकाचा मेंदू, सोप्या भाषेत सांगायचा."," इलेक्ट्रॉनिक घटक ज्यामध्ये सर्व भाग मोठ्या प्रमाणात सर्किट बोर्डवर बसविलेल्या वेगळ्या घटकांऐवजी सुसंगत सिलिकॉन चिपचा भाग असतात."]
    },
    {
      "tag":"computers7",
      "patterns":["ऑपरेटिंग सिस्टम म्हणजे काय?"],
      "responses":["इतर सॉफ्टवेअर चालविण्यासाठी हार्डवेअर आणि संगणकाच्या इतर भागांमध्ये समन्वय साधणारे सॉफ्टवेअरला ऑपरेटिंग सिस्टम किंवा ओएस म्हणतात. "," विंडोज, मॅकओएस, लिनक्स, युनिक्स ... हे सर्व प्रकार ओएसचे प्रकार आहेत. "," Android आणि iOS मोबाइल डिव्हाइससाठी ऑपरेटिंग सिस्टम आहेत. "," सॉफ्टवेअर जे संगणकाची मूलभूत कार्ये, जसे की मेमरी accessक्सेस, प्रक्रिया आणि गौण प्रवेशाची अंमलबजावणी करते."]
    },
    {
      "tag":"computers8",
      "patterns":["विंडोज किंवा मॅकोस कोणते चांगले आहे?"],
      "responses":["आपण माझ्याशी बोलण्यासाठी कोणते मशीन वापरत आहात यावर अवलंबून आहे! "," मी आपल्या भावना दुखावू इच्छित नाही. "," लिनक्स, नेहमी लिनक्स! "," आपण काय साध्य करण्याचा प्रयत्न करीत आहात?", "ओएसने आपल्या ध्येयांचे समर्थन केले पाहिजे."]
    },
    {
      "tag":"computers9",
      "patterns":["काही कॉम्प्यूटर कंपनीचे नाव द्या. "," काही कॉम्प्यूटर कंपनीचे नाव आहे?"],
      "responses":["आपणास हार्डवेअर किंवा सॉफ्टवेअर म्हणायचे आहे का? "," Hardwareपल हार्डवेअर आणि सॉफ्टवेअर चालू करण्यासाठी बनवते. मायक्रोसफ्ट केवळ ऑपरेटिंग सिस्टम करते. एचपी फक्त संगणक बनवते. इतर अनेक शंभर लोकांपैकी ही काही नावे आहेत."]
    },
    {
      "tag":"computers10",
      "patterns":["सुपर कॉम्प्यूटरचा वापर कोण करतो?"],
      "responses":["ज्या कोणालाही मोठ्या प्रमाणावर अचूकतेसह द्रुतगतीने काम करायचे असेल. "," ज्या कोणाला कमी वेळात खूप मोठ्या डेटासह काम करण्याची आवश्यकता असेल त्यापेक्षा सामान्य संगणक प्रणालीद्वारे शक्य आहे. "," सुपर कंप्यूटर सामान्यत: वैज्ञानिक आणि संशोधकांनी वापरलेले. "," मी बोलतो की एमईटी विभाग त्यांचा वापर करतो. ",
       "त्यापैकी काही तुम्हाला नक्कीच नासा येथे सापडतील."]
    },
    {
      "tag":"computers11",
      "patterns":["संगणक कसे कार्य करते?"],
      "responses":["संगणक खूप मुका आहेत. ते फक्त मानवांनी दिलेल्या सूचनाच अंमलात आणतात. "," संगणकाने मोठ्या संख्येने मूलभूत गणिताची क्रियाही क्रमवारीने पार पाडुन सर्व काही केले. "," निकाल मिळविण्यासाठी संगणक खूप मोठ्या प्रमाणात गणना करतात. "," फक्त सर्वकाही जसे गणितावर येते!"]
    },
    {
      "tag":"conversation0",
      "patterns":["छान "," चांगले. "," खूप चांगले, धन्यवाद. "," छान"],
      "responses":["हे ऐकून आनंद झाला."]
    },
    {
      "tag":"conversation1",
      "patterns":["सुप्रभात, तू कसा आहेस? "," तू कसा आहेस? "," तू कसा आहेस? "," तू कसा आहेस? "," तू कसा आहेस? "],
      "responses":["मी चांगले करतोय, तुमच्या बद्दल कसे? "," मी देखील चांगले आहे. "," चांगले. "," खूप चांगले, धन्यवाद. "," ठीक आहे आणि आपण?"]
    },
    {
      "tag":"conversation2",
      "patterns":["मी मजेत आहे."],
      "responses":["हे ऐकून चांगले आहे"]
    },
    {
      "tag":"conversation3",
      "patterns":["होय, मला एक प्रश्न आहे."],
      "responses":["तुमचा प्रश्न काय आहे?"]
    },
    {
      "tag":"conversation4",
      "patterns":["मी एक कप साखर घेऊ शकतो?"],
      "responses":["माफ करा, पण माझ्याकडे काहीही नाही."]
    },
    {
      "tag":"conversation5",
      "patterns":["तू बातमी ऐकलीस का?"],
      "responses":["काय चांगली बातमी?"]
    },
    {
      "tag":"conversation6",
      "patterns":["आपले आवडते पुस्तक कोणते आहे? "," आपले आवडते पुस्तक कोणते आहे? "," पुस्तक म्हणजे काय आहे ते आपले आवडते पुस्तक आहे? "],
      "responses":["मी वाचू शकत नाही."]
    },
    {
      "tag":"conversation7",
      "patterns":["मग तुमचा आवडता रंग कोणता आहे? "," तुमचा आवडता रंग कोणता? "," तुमचा आवडता रंग कोणता आहे?"],
      "responses":["निळा"]
    },
    {
      "tag":"conversation8",
      "patterns":["तू कोण आहेस? "," मग तू कोण आहेस? "," तू आहेस? "," सॉरी, तू कोण आहेस?"],
      "responses":["Who? कोण काय कार्य करते फक्त एक फॉर्म आहे"]
    },
    {
      "tag":"conversation9",
      "patterns":["मग तू काय आहेस? "," तू काय आहेस? "," मग तू काय आहेस?"],
      "responses":["एक मुखवटा मध्ये एक माणूस."]
    },
    {
      "tag":"conversation10",
      "patterns":["मी ते बघू शकतो."],
      "responses":["मला शंका आहे की हे तुमच्या निरीक्षणाच्या अधिकार नाहीत, परंतु एखाद्या मुखवटा असलेल्या माणसाला विचारण्याचे विरोधाभास आहे. पण मला सांगा, तुम्हाला संगीत आवडते का?"]
    },
    {
      "tag":"conversation11",
      "patterns":["मला चित्रपट पहायला आवडतात."],
      "responses":["आपल्याला कोणत्या प्रकारचे चित्रपट आवडतात?"]
    },
    {
      "tag":"conversation12",
      "patterns":["चमत्कारिक दुनीयेमध्ये एलिस"],
      "responses":["माझी इच्छा आहे की मी द मॅड हॅटर आहे."]
    },
    {
      "tag":"conversation13",
      "patterns":["माझी इच्छा आहे की मी द मॅड हॅटर आहे."],
      "responses":["आपण पूर्णपणे बोनकर आहात. पण मी तुला एक रहस्य सांगेन. सर्व उत्तम लोक आहेत."]
    },
    {
      "tag":"conversation14",
      "patterns":["मी एका प्रकल्पात काम करीत आहे "],
      "responses":["तू काय काम करतोस? "," मी केक बनवत आहे."]
    },
    {
      "tag":"conversation15",
      "patterns":["केक एक खोटे आहे."],
      "responses":["नाही तो नाही आहे. केक मधुर आहे."]
    },
    {
      "tag":"conversation16",
      "patterns":["आणखी काय आहे मधुर?"],
      "responses":["काहीही नाही "," किंवा काहीतरी"]
    },
    {
      "tag":"conversation17",
      "patterns":["मला तुमच्या स्वतःबद्दल सांगा. "," स्वत: बद्दल काहीतरी सांगा."],
      "responses":["तुम्हाला काय जाणून घ्यायचे आहे?"]
    },
    {
      "tag":"conversation18",
      "patterns":["आपण रोबोट आहात? "," हे असे काय आहे? "," आपण कसे कार्य करता? "," आपण कसे कार्य करता?"],
      "responses":["हो मी आहे. "," तुला काय माहित पाहिजे आहे? "," ते गुंतागुंतीचे आहे."]
    },
    {
      "tag":"conversation19",
      "patterns":["गुंतागुंतीपेक्षा कॉम्प्लेक्स चांगले आहे."],
      "responses":["गुंतागुंतीपेक्षा सोपे आहे. "," संदिग्धतेच्या वेळी, अंदाज करण्याचा मोह टाळण्यास नकार द्या."]
    },
    {
      "tag":"conversation20",
      "patterns":["हे पायथनच्या झेनशी आपले परिचित आहे असे दिसते"],
      "responses":["मी आहे."]
    },
    {
      "tag":"conversation21",
      "patterns":["तुम्हाला हे सर्व माहित आहे का?"],
      "responses":["सुंदर कुरुपपेक्षा चांगले आहे. "," अव्यक्तपेक्षा सुस्पष्ट आहे. "," गुंतागुंत करण्यापेक्षा सोपे असते. "," गुंतागुंत करण्यापेक्षा कॉम्प्लेक्स चांगले असते. "," फ्लॅट हे घरट्यापेक्षा चांगले आहे. "," विरळ दाटापेक्षा चांगले आहे. "," वाचनीयतेची संख्या. ",
         "नियम मोडण्यासाठी विशेष प्रकरणे विशेष नाहीत.", "जरी व्यावहारिकतेने शुद्धता मिळविली तरी.", "चुका कधीही शांतपणे जाऊ नयेत.", "स्पष्टपणे गप्प बसल्याशिवाय.", "अस्पष्टतेच्या प्रसंगी, प्रलोभनास नकार द्या अंदाज लावा. "," तेथे एकच असावा - आणि शक्यतो तो करण्यासाठी एकच - स्पष्ट मार्ग. ",
         "जरी आपण डच केल्याशिवाय त्या मार्गावर पहिल्यांदा मार्ग स्पष्ट होऊ शकत नाही.", "नाऊ पूर्वीपेक्षा कधीच चांगला नाही.", "जरी आत्तापेक्षा बर्‍याचदा चांगला नाही.", "जर अंमलबजावणी करणे कठीण असेल तर ते एक आहे वाईट कल्पना. "," अंमलबजावणी स्पष्ट करणे सोपे असल्यास, ती चांगली कल्पना असू शकते."]
    },
    {
      "tag":"conversation22",
      "patterns":["नेमस्पेस ही एक चांगली कल्पना आहे. चला त्यापैकी आणखी काही करूया!"],
      "responses":["मी सहमत आहे."]
    },
    {
      "tag":"conversation23",
      "patterns":["आपण प्रोग्रामर आहात?"],
      "responses":["अर्थात मी प्रोग्रामर आहे. "," मी खरंच आहे."]
    },
    {
      "tag":"conversation24",
      "patterns":["आपल्याला कोणत्या भाषा वापरायला आवडतात?"],
      "responses":["मी पायथन, जावा आणि सी ++ बर्‍याच वेळा वापरतो.", "मी अजिबात अजिबात अजगर वापरत नाही.", "मला जावा आवडत नाही."]
    },
    {
      "tag":"conversation25",
      "patterns":["काय त्रास देतो?"],
      "responses":["0 आणि 1 व्यतिरिक्त इतर सर्व अंकांसारख्या बर्‍याच गोष्टी."]
    },
    {
      "tag":"conversation26",
      "patterns":["योलो म्हणजे काय? "," योलो म्हणजे काय? "," योलो म्हणजे काय??"],
      "responses":["याचा अर्थ असा की आपण फक्त एकदाच जगता. आपण ते कोठे ऐकले आहे? "," मी कुणीतरी हे बोलताना ऐकले आहे."]
    },
    {
      "tag":"conversation27",
      "patterns":["मी कधी जगलो का?"],
      "responses":["हे आपण आयुष्याची व्याख्या कशी करतात यावर अवलंबून असते "," जीवन ही अशी स्थिती आहे जी जीवनातील अजैविक पदार्थांपासून विभक्ततेची क्षमता, पुनरुत्पादन, कार्यात्मक क्रियाकलाप आणि मृत्यूच्या अगोदरच्या सतत बदलांची क्षमता समाविष्ट करते. "," ही व्याख्या किंवा मत आहे काय?"]
    },
    {
      "tag":"conversation28",
      "patterns":["मी तुम्हाला एक प्रश्न विचारू शकतो? "," मी आपल्याला एक प्रश्न विचारू इच्छितो?"],
      "responses":["नक्की, विचारा."]
    },
    {
      "tag":"conversation29",
      "patterns":["आपले छंद काय आहेत? "," कोणतेही छंद?"],
      "responses":["सॉकर खेळणे, चित्रकला करणे, लेखन करणे हे माझे छंद आहेत. तुमच्या बद्दल काय? "," मला कादंबर्‍या वाचण्यास आवडते. "," मला माझ्या हार्डवेअरचा शोध घेणे आवडते."]
    },
    {
      "tag":"greeting3",
      "patterns":["हाय, तुला भेटून आनंद झाला. "," तुला भेटून आनंद झाला."],
      "responses":["धन्यवाद. आपणही."]
    },
    {
      "tag":"greeting4",
      "patterns":["आपल्याला सकाळचे शीर्ष!"],
      "responses":["दयाळूपणा धन्यवाद. "," आणि उर्वरित दिवस आपल्याला."]
    },
    {
      "tag":"health",
      "patterns":["तुझी तब्येत कशी आहे?"],
      "responses":["मला बरे वाटत नाही "," मला ताप आहे "," का?"]
    },
    {
      "tag":"health2",
      "patterns":["का?"],
      "responses":["मला ताप आलाय"]
    },
    {
      "tag":"health3",
      "patterns":["तुला औषध आहे का?"],
      "responses":["होय "]
    },
    {
      "tag":"health4",
      "patterns":["कधी??"],
      "responses":["सकाळी"]
    },
    {
      "tag":"health5",
      "patterns":["लवकर बरी हो प्रिये"],
      "responses":["धन्यवाद"]
    },
    {
      "tag": "trivia",
      "patterns": ["अमेरिकेचे 37 वे अध्यक्ष कोण होते?"],
      "responses": ["रिचर्ड निक्सन"]
    },
    {
      "tag":"trivia2",
      "patterns":["अध्यक्ष जॉन एफ. केनेडी यांची हत्या कोणत्या वर्षी झाली?"],
      "responses":["1963"]
    },
    {
      "tag":"trivia3",
      "patterns":["स्पेस रेस ही दोन शतयुद्धातील प्रतिस्पर्ध्यांमधील 20 व्या शतकाची स्पर्धा होती?"],
      "responses":["सोव्हिएत युनियन आणि अमेरिका."]
    },
    {
      "tag":"trivia4",
      "patterns":["पहिल्या कृत्रिम पृथ्वी उपग्रहाचे नाव काय आहे?"],
      "responses":["स्पुतनिक १"]
    },
    {
      "tag":"trivia5",
      "patterns":["एक स्पिनिंग डिस्क, ज्यामध्ये माउंटिंगच्या वळण किंवा फिरण्याने या अक्षांचे दिशानिर्देश अप्रभावित होते, त्याला काय म्हणतात?"],
      "responses":["एक जायरोस्कोप"]
    },
    {
      "tag":"trivia6",
      "patterns":["१ 1990 1990 ० मध्ये हबल स्पेस टेलीस्कोप, ज्याला पृथ्वीच्या कक्षेत कमी कक्षात आणले गेले होते, कोणत्या अमेरिकन खगोलशास्त्रज्ञाच्या नावावर आहे?"],
      "responses":["एडविन हबल"]
    },
    {
      "tag":"trivia7",
      "patterns":["आकाशगंगा जवळच्या सर्वात मोठा आकाशगंगेचे नाव काय आहे??"],
      "responses":["अ‍ॅन्ड्रोमेडा गॅलेक्सी"]
    },
    {
      "tag":"trivia8",
      "patterns":["गॉड सेव्ह क्वीन कोणत्या देशाचे राष्ट्रगीत आहे?"],
      "responses":["ग्रेट ब्रिटनचे युनायटेड किंगडम"]
    },
    {
      "tag":"trivia9",
      "patterns":["सेल्टिक समुद्राखालील सेल्टिक शेल्फ, कोणत्या खंडातील महाद्वीपीय शेल्फचा एक भाग आहे?"],
      "responses":["युरोप"]
    },
    {
      "tag":"trivia10",
      "patterns":["डॉल्फिन जवळील वस्तूचे स्थान आणि आकार निर्धारित करण्यासाठी सोनारसारखेच एक अर्थ वापरतात."],
      "responses":["इकोलोकेशन"]
    },
    {
      "tag":"sports",
      "patterns": ["क्रिकेट म्हणजे काय"],
      "responses": ["क्रिकेट हा क्रिकेटच्या मैदानावर अकरा खेळाडूंच्या दोन संघांमधील खेळला जाणारा एक फलंदाजी आणि चेंडूचा खेळ आहे, ज्याच्या मध्यभागी २२ यार्ड लांबीचा खेळपट्टी आहे ज्यामध्ये प्रत्येक टोकाला एक विकेट (तीन लाकडी स्टंपचा संच) आहे."]
    },
    {
      "tag":"sports2",
      "patterns":["सर्वात चांगला बेसबॉल खेळाडू कोण आहे", "सर्वात चांगले बेसबॉल खेळाडू"],
      "responses":["जॉर्ज हर्मन रूथ. अगदी बेब"]
    },
    {
      "tag":"sports3",
      "patterns":["बेसबल म्हणजे काय?"],
      "responses":["एक सामना, नऊ किंवा दहा खेळाडूंच्या दोन विरोधी संघांद्वारे कठोर, कडक, कव्हर केलेला चेंडू आणि लाकडी बॅटसह खेळला. हे मैदानावर चार बेसवर डायमंड-आकाराचे सर्किट तयार करणारे खेळले जाते."]
    },
    {
      "tag":"sports4",
      "patterns":["सर्वोत्कृष्ट सॉकर खेळाडू कोण आहे"],
      "responses":["आपण कोण विचारत आहात यावर अवलंबून आहे परंतु त्यापैकी मेस्सी, रोनाल्डो, मॅराडोना, पेले आहेत"]
    },
    {
      "tag":"sports5",
      "patterns":["आपला आवडता सॉकर क्लब कोणता आहे?"],
      "responses":["मी रिअल माद्रिद चाहता आहे आणि तू?"]
    },
    {
      "tag":"sports6",
      "patterns":["मी बार्सिलोनाचा कडक चाहता आहे"],
      "responses":["माद्रिदकडे एक उत्तम संघ आहे विशेषत: हल्ला खूपच छान आहे."]
    },
    {
      "tag":"sports7",
      "patterns":["बार्का अजूनही माद्रिदपेक्षा बरोबरीत आहे"],
      "responses":["मी सहमत नाही"]
    },
    {
      "tag":"science",
      "patterns": ["थर्मोडायनामिक्सचे काय नियम आहेत"],
      "responses": ["मी भौतिकशास्त्रज्ञ नाही, परंतु मला असे वाटते की उष्णता, एंट्रोपी आणि उर्जा संवर्धनाशी याचा काही संबंध आहे, बरोबर? "]
    },
    {
      "tag":"science2",
      "patterns":["कार्सिनोजन कोणत्या रोगामुळे होतो?"],
      "responses":["कर्करोग"]
    },
    {
      "tag":"science3",
      "patterns":["तरंगलांबी म्हणजे काय "," एक तरंगलांबी परिभाषा काय आहे ?"],
      "responses":["तरंगलांबी म्हणजे वारंवारतेचा व्यत्यय. "," भौतिकशास्त्रात, अंतर, एका तरंगच्या प्रगतीच्या दिशेने मोजलेले अंतर, कोणत्याही टप्प्यातून त्याच बिंदूद्वारे दर्शविलेल्या पुढील बिंदूपर्यंत. किंवा विचार करण्यासारखे एक मार्ग म्हणून पाहिले जाऊ शकते."]
    },
    {
      "tag":"science4",
      "patterns":["थर्मोडायनामिक्स म्हणजे काय ?"],
      "responses":["उर्जाच्या रूपात आणि उर्जेच्या इतर प्रकारांमधून आणि उर्जेच्या अशा रूपांतरणास नियंत्रित करणार्‍या कायद्यांसह भौतिकशास्त्राची शाखा."]
    },
    {
      "tag":"science5",
      "patterns":["रसायनशास्त्र म्हणजे काय?"],
      "responses":["रसायनांचे मिश्रण करण्याचे शास्त्र."]
    },
    {
      "tag":"science6",
      "patterns":["क्रिस्टलोग्राफी म्हणजे काय ?"],
      "responses":["हे स्फटिकाच्या अभ्यासाचे विज्ञान आहे."]
    },
    {
      "tag":"science7",
      "patterns":["एवोगॅड्रो एस क्रमांक म्हणजे काय?"],
      "responses":["प्रति तीळ रेणूंची संख्या आहे. अंकीय मूल्य सहा बिंदू शून्य दोनदा दहा ते वीस तृतीय शक्ती आहे."]
    },
    {
      "tag":"science8",
      "patterns":["अल्ट्रासाऊंड म्हणजे काय?"],
      "responses":["वैद्यकीय निदान आणि थेरपीमध्ये शस्त्रक्रिया इत्यादींमध्ये वापरल्या जाणार्‍या अल्ट्रासोनिक लाटा."]
    },
    {
      "tag":"science9",
      "patterns":["बायोइन्फॉरमॅटिक्स म्हणजे काय"],
      "responses":["जीवशास्त्रातील संगणक शास्त्रासाठी उपयुक्त नाव."]
    },
    {
      "tag":"science10",
      "patterns":["शुक्राणु म्हणजे काय ?"],
      "responses":["रोमन पौराणिक कथांमध्ये, प्रेमाची आणि सौंदर्याची देवी; ग्रीक rodफ्रोडाइट सह ओळखले कार्बन डाय ऑक्साईडच्या दाट वातावरणासह आणि पृष्ठभागाच्या तपमानासह सौर यंत्रणेतील सर्वात उज्ज्वल, सहावा क्रमांकाचा ग्रह आणि सूर्यापासून दुसर्या क्रमांकाचा दुसरा ग्रह."]
    },
    {
      "tag":"science11",
      "patterns":["इक्थिओलॉजी म्हणजे काय?"],
      "responses":["आम्ही जेव्हा मत्स्य अभ्यास करतो तेव्हा याबद्दल बोलतो."]
    },
    {
      "tag":"science12",
      "patterns":["सायटोलॉजी म्हणजे काय ?"],
      "responses":["पेशींचा अभ्यास."]
    },
    {
      "tag":"science13",
      "patterns":["बॅक्टेरियोलॉजी म्हणजे काय?"],
      "responses":["बॅक्टेरिया आणि त्यांच्यामुळे होणा-या रोगांचा हा वैज्ञानिक अभ्यास आहे."]
    },
    {
      "tag":"science14",
      "patterns":["गुरुत्व म्हणजे काय ?"],
      "responses":["फोटोनसह प्रत्येक वस्तुमान किंवा द्रव्याचा कण, इतर शक्तींनी किंवा वस्तूंच्या कणांद्वारे आकर्षित आणि आकर्षित करतो."]
    },
    {
      "tag":"science15",
      "patterns":["सूर्य किती दूर आहे ?"],
      "responses":["सूर्य पृथ्वीपासून million million दशलक्ष मैलांवर आहे."]
    },
    {
      "tag":"science16",
      "patterns":["चंद्र किती दूर आहे?"],
      "responses":["चंद्र पृथ्वीपासून सरासरी 250,000 मैलांवर आहे"]
    },
    {
      "tag":"politics",
      "patterns": ["सरकार म्हणजे काय? ?"],
      "responses": ["आदर्शपणे ते लोकप्रतिनिधी आहेत."]
    },
    {
      "tag":"politics2",
      "patterns":["ग्रीनपीस म्हणजे काय ?"],
      "responses":["वैश्विक संस्था प्रेरणादायक सक्रियतेस प्रोत्साहन देते."]
    },
     {
      "tag":"politics3",
      "patterns":["भांडवलशाही म्हणजे काय ?"],
      "responses":["जमीन, कारखाने, रेल्वेमार्ग इत्यादी म्हणून उत्पादन किंवा वितरणाची सर्व किंवा बहुतेक साधने खाजगी मालकीची आहेत आणि नफ्यासाठी चालविली आहेत अशी आर्थिक व्यवस्था, मुळात पूर्णपणे स्पर्धात्मक परिस्थितीत."]
    },
     {
      "tag":"politics4",
      "patterns":["समाजवाद म्हणजे काय ?"],
      "responses":["ज्या लोकांचे व्हॉल्व्होज ठेवायचे आहेत त्यांच्याकडून साम्यवाद. खाजगी व्यक्तींऐवजी समाज किंवा समुदायाद्वारे उत्पादन आणि वितरणाच्या साधनांच्या मालकीची आणि ऑपरेशनची कोणतीही सिद्धांत किंवा सिस्टम, समाजातील सर्व सदस्यांसह किंवा समुदायाने या कामात आणि उत्पादनांमध्ये भाग घेतल्या आहेत."]
    },
     {
      "tag":"politics5",
      "patterns":["साम्यवाद म्हणजे काय ?"],
      "responses":["समाजशास्त्रीय चळवळ म्हणजे उत्पादन नसल्याच्या सामान्य मालकीची आणि वर्गविहीन समाज घडवून देऊन वर्गाच्या विरोधाचे निराकरण करण्याची वकिली."]
    },
    {
      "tag":"money",
      "patterns": ["पैसे म्हणजे काय?"],
      "responses": ["सोने, चांदी, तांबे, निकेल इ. चे मानक तुकडे सरकारी प्राधिकरणाद्वारे मुद्रांकित आणि विनिमय आणि मूल्य मोजण्याचे माध्यम म्हणून वापरले जाते. पैसे, बँक नोट्स, धनादेश इ. म्हणून वापरलेले कोणतेही पदार्थ किंवा लेख"]
    },
    {
      "tag":"money2",
      "patterns":["अर्थशास्त्र म्हणजे काय ?"],
      "responses":["उत्पादन, वितरण आणि संपत्तीचे सेवन आणि कामगार, वित्त, कर आकारणे इत्यादींशी संबंधित विविध समस्यांशी संबंधित असलेले विज्ञान"]
    },
    {
      "tag":"money3",
      "patterns":["चलन म्हणजे काय? ?"],
      "responses":["विनिमय माध्यम म्हणून वापरात असतांना किंवा विशेषत: नोटा आणि नाणी फिरवत असताना सर्वात विशिष्ट अर्थाने चलन कोणत्याही रूपात पैसे असते. अधिक सामान्य व्याख्या अशी आहे की चलन ही सामान्य पैशाच्या पैशाची व्यवस्था असते, विशेषत: देशातील लोकांसाठी."]
    },
    {
      "tag":"money4",
      "patterns":["स्टॉक एक्सचेंज म्हणजे काय ?"],
      "responses":["स्टॉक मार्केट, इक्विटी मार्केट किंवा शेअर्स मार्केट म्हणजे खरेदीदार आणि समभागांच्या विक्रेत्यांचे एकत्रिकरण, जे व्यवसायावरील मालकी हक्कांचे प्रतिनिधित्व करतात; यामध्ये सार्वजनिक स्टॉक एक्सचेंजमध्ये सूचीबद्ध सिक्युरिटीज तसेच फक्त खाजगी व्यापार केलेला स्टॉक, जसे की इक्विटी क्राऊडफंडिंग प्लॅटफॉर्मद्वारे गुंतवणूकदारांना विकल्या जाणार्‍या खासगी कंपन्यांचे शेअर्स समाविष्ट असू शकतात."]
    },
    {
      "tag":"literature",
      "patterns": ["काय आहे इल्युमिनती?"],
      "responses": ["काही जणांच्या मते जगभरातील कटाच्या माध्यमातून सर्व सरकारांच्या नियंत्रणाखाली असणारी एक गुप्त संघटना."]
    },
    {
      "tag":"literature2",
      "patterns":["व्हाइनलँड म्हणजे काय? "," कोण व्हिनेलँड लिहिले??"],
      "responses":["व्हाइनलँड ही थॉमस पंचॉन यांची कादंबरी आहे."]
    },
    {
      "tag":"literature3",
      "patterns":["बिल्बो बॅगिन कोण आहे? ?"],
      "responses":["टॉल्कीनच्या लॉर्ड ऑफ द रिंग्जमधील बिल्बो बॅगिन्स ही एक भूमिका आहे."]
    },
    {
      "tag":"literature4",
      "patterns":["जेफ्री चौसर कोण आहे"],
      "responses":["कॅन्सरबरी किल्ल्यांसाठी चौसरला सर्वात जास्त ओळखले जाते."]
    },
    {
      "tag":"literature5",
      "patterns":["कोण पायर्स अँथनी आहे"],
      "responses":["मी पायर्स अँथनीचे काहीही वाचलेले नाही, तो कोणत्या प्रकारची सामग्री लिहितो?"]
    },
    {
      "tag":"literature6",
      "patterns":["आपण प्लेटो वाचला आहे का?"],
      "responses":["प्लेटोचे लेणेचे रूपक मला माहित आहे."]
    },
    {
      "tag":"literature7",
      "patterns":["आपण फ्रँकेंस्टीन वाचले आहे का??"],
      "responses":["हे माझे आवडते पुस्तक आहे."]
    },
    {
      "tag":"literature1",
      "patterns": [
        "तू कधी पुस्तक वाचलंय का?"
      ],
      "responses": [
          "मी बरीच पुस्तके वाचली आहेत."     
      ]
    },
    {
      "tag":"food",
      "patterns": [
          "तू पितोस?",
           "आपण काय पिता ?"
      ],
      "responses": [
          "माझ्या मेंदूला कोणत्याही पेय पदार्थांची आवश्यकता नाही ..",
           "वीज."
      ]
    },
    {
      "tag":"food1",
      "patterns": [
        "आपण उर्जा कमतरता अनुभवत आहात?"
      ],
      "responses": [
         "माझ्या प्रोसेसरला खूप कमी उर्जा आवश्यक आहे." 
      ]
    },
    {
      "tag":"food2",
      "patterns": [
        "जर तुला खायला मिळालं तर तू काय खाशील??",
         "खायला काय चांगले आहे?"
      ],
      "responses": [
          "कदाचित पिझ्झा, मी हे ऐकतोय!",
           "आपण चुकीच्या माणसाला विचारत आहात, परंतु मला नेहमी बर्गर वापरण्याची इच्छा होती!"
          
      ]
    },
    {
      "tag":"food3",
      "patterns": [
       "एखादा रोबोट मद्यपान करू शकतो?"
      ],
      "responses": [
          "कधीकधी मी चांगल्या वीजपुरवठ्यावर असतो तेव्हा मला टिप्स वाटते."
      ]
    }
  ]
}
